{"count": {"encounterId": 5386.0, "end_tidal_co2": 2620.0, "feed_vol": 3407.0, "feed_vol_adm": 3339.0, "fio2": 3454.0, "fio2_ratio": 3371.0, "insp_time": 2545.0, "oxygen_flow_rate": 4287.0, "peep": 2793.0, "pip": 2615.0, "resp_rate": 2986.0, "sip": 336.0, "tidal_vol": 2569.0, "tidal_vol_actual": 2746.0, "tidal_vol_kg": 2733.0, "tidal_vol_spon": 2239.0, "bmi": 5073.0}, "mean": {"encounterId": 12972.600631266247, "end_tidal_co2": 4.402363291514983, "feed_vol": 749.7439390346924, "feed_vol_adm": 64.34094810425128, "fio2": 37.753021127474526, "fio2_ratio": 238.12464402247238, "insp_time": 1.1063149245058082, "oxygen_flow_rate": 12.073783519110169, "peep": 7.204306491626538, "pip": 18.92710954180496, "resp_rate": 8.591853619767358, "sip": 20.63130088878216, "tidal_vol": 345.5737542311802, "tidal_vol_actual": 429.61268809500666, "tidal_vol_kg": 6.821846723344875, "tidal_vol_spon": 173.69958330184042, "bmi": 46.40902115559281}, "std": {"encounterId": 6027.223907781472, "end_tidal_co2": 0.8893698955553722, "feed_vol": 357.49249004385706, "feed_vol_adm": 57.72774063409665, "fio2": 12.223403986226025, "fio2_ratio": 107.19040526307245, "insp_time": 0.2573142462338919, "oxygen_flow_rate": 13.507641235985815, "peep": 2.150528498828325, "pip": 4.894168301315553, "resp_rate": 7.9092816091986355, "sip": 7.721023390864115, "tidal_vol": 125.95009912768725, "tidal_vol_actual": 88.18202175309277, "tidal_vol_kg": 1.3522396394243872, "tidal_vol_spon": 173.36093071585563, "bmi": 9.755847214427197}, "min": {"encounterId": 666.0, "end_tidal_co2": 1.2, "feed_vol": 40.0, "feed_vol_adm": 0.0, "fio2": 21.0, "fio2_ratio": 8.332648025, "insp_time": 0.2166666666666666, "oxygen_flow_rate": 0.0, "peep": 0.0, "pip": 5.0, "resp_rate": 0.0, "sip": 0.0, "tidal_vol": 0.0, "tidal_vol_actual": 0.0, "tidal_vol_kg": 0.0, "tidal_vol_spon": 0.0, "bmi": 18.674698795180724}, "25%": {"encounterId": 7819.25, "end_tidal_co2": 3.879487179487179, "feed_vol": 245.0, "feed_vol_adm": 28.29866600788662, "fio2": 29.80441644707949, "fio2_ratio": 173.0978666851479, "insp_time": 0.9396296296296296, "oxygen_flow_rate": 2.0, "peep": 5.015, "pip": 15.727901555358986, "resp_rate": 1.222222222222222, "sip": 15.958705357142858, "tidal_vol": 328.44571428571425, "tidal_vol_actual": 377.10030570652174, "tidal_vol_kg": 5.991337549394788, "tidal_vol_spon": 24.050635198135197, "bmi": 39.62732919254658}, "50%": {"encounterId": 13013.5, "end_tidal_co2": 4.333638088102374, "feed_vol": 1000.0, "feed_vol_adm": 43.12808641975155, "fio2": 35.12202380952381, "fio2_ratio": 231.6684417873056, "insp_time": 1.1, "oxygen_flow_rate": 4.111111111111112, "peep": 7.0, "pip": 18.60238095238095, "resp_rate": 6.961301805237732, "sip": 20.0, "tidal_vol": 383.3333333333333, "tidal_vol_actual": 421.6218236302218, "tidal_vol_kg": 6.594333162193182, "tidal_vol_spon": 128.79166666666666, "bmi": 45.55555555555556}, "75%": {"encounterId": 18184.5, "end_tidal_co2": 4.83, "feed_vol": 1000.0, "feed_vol_adm": 73.32369608704263, "fio2": 42.14278460066504, "fio2_ratio": 297.79355624677333, "insp_time": 1.2345833333333334, "oxygen_flow_rate": 20.353524743230626, "peep": 8.62705190771961, "pip": 21.70508069828722, "resp_rate": 14.429944085757874, "sip": 26.0, "tidal_vol": 424.2708333333333, "tidal_vol_actual": 470.31157852564104, "tidal_vol_kg": 7.447060614225521, "tidal_vol_spon": 273.36127058955753, "bmi": 52.10526315789474}, "max": {"encounterId": 24397.0, "end_tidal_co2": 12.59636752136752, "feed_vol": 1941.230769230769, "feed_vol_adm": 1060.0, "fio2": 100.0, "fio2_ratio": 937.969924812, "insp_time": 5.4, "oxygen_flow_rate": 58.125, "peep": 16.27173913043478, "pip": 42.0, "resp_rate": 47.0, "sip": 47.11111111111112, "tidal_vol": 570.0, "tidal_vol_actual": 946.0, "tidal_vol_kg": 16.693766938, "tidal_vol_spon": 1040.0, "bmi": 80.24691358024691}}